{
  "rmse": 3.474739308279097,
  "mae": 3.2348839648138816,
  "coverage": 1.0,
  "num_predictions": 1205
}